first_name,last_name,job_title,department,email,address,phone_number,salary,password
Brian,Griffin,Professor Emeritus,"Scientist, physiological",wayne55@example.net,East Brad,(657)644-6650,46562,bn4bjC5o
Jeremy,Martinez,Optometrist,Consulting civil engineer,bmorrison@example.net,Hillburgh,863.883.6641x241,18558,Qtvzwcqo
Stephen,Avila,"Editor, commissioning",Recycling officer,brenda13@example.org,Lake Austinfurt,270-868-4008x3848,18290,gluTIyLR
Jennifer,Quinn,Farm manager,Personal assistant,chelsey04@example.com,South Kathyport,600.372.7158x1519,28748,5jN4eTrO
Tyler,Peters,Bonds trader,Firefighter,travisjohnson@example.com,Millershire,422.552.2550,31510,IwNl3shm
Jon,Green,Barista,Physiological scientist,qsimpson@example.org,Brendachester,3128875946,9029,HnU2AiTh
Christopher,Gray,"Runner, broadcasting/film/video",Data processing manager,christophercampbell@example.org,Ortizton,(969)535-9960x25955,5038,Sj2JPjFI
Adam,Golden,Archaeologist,Arboriculturist,ariley@example.net,South Valerie,546.568.0228,26625,cMx5Pidh
Dennis,Williamson,Physiotherapist,Public relations officer,annette43@example.com,Sanchezside,305.650.3956x3594,96119,cVpE67MZ
Brent,Douglas,"Engineer, technical sales",Interpreter,boydjacob@example.com,Wrightside,503.429.4243,70229,nOBLQmnW
Grant,Gordon,Horticultural consultant,Dealer,bgreer@example.com,West Michael,(349)783-9090,96691,3pI1otJR
Christina,Alvarez,"Production designer, theatre/television/film",IT technical support officer,nicholasmontgomery@example.com,New Cassiefort,(579)231-1187,93710,IC3kc3im
Heather,Smith,"Designer, television/film set",Computer games developer,williamslawrence@example.com,Derekshire,(457)463-6334,47385,GrgJbpzS
Christopher,Mendez,Estate manager/land agent,"Conservation officer, historic buildings",sethwalsh@example.com,Jeremiahton,+1-444-284-9664x368,67189,cblb7Mnn
Megan,Campbell,Rural practice surveyor,Colour technologist,pamelasoto@example.com,Randyshire,796.256.6223x594,42028,UDhRLUkB
James,Guzman,Chartered legal executive (England and Wales),Television production assistant,bradleyholden@example.net,South Jessica,862.737.8902x2311,67998,R288YKbH
Stephanie,Johnson,IT sales professional,Toxicologist,xcardenas@example.com,Michaelside,376.721.2551x03084,38023,8glXY0fc
Cody,Barron,Horticultural consultant,Therapeutic radiographer,ssimon@example.com,Lake Justin,+1-892-285-8656,76699,ELYTzYNY
Michael,Peterson,Social researcher,Government social research officer,guerreropamela@example.com,Johnsonside,453.201.1834x45880,60587,yfjtkyYG
Noah,Yates,Quantity surveyor,Secondary school teacher,kingamanda@example.org,New Marilynview,383.397.4179x9543,98440,6q3cs9cr
Monica,Mcdonald,Probation officer,Neurosurgeon,coxrichard@example.com,Adamview,514-313-2525x334,66213,jlbhIRfP
Jason,Hanson,Local government officer,Interior and spatial designer,hporter@example.org,Port Markburgh,626-866-8118x15810,70953,UrMakXmD
Jason,Holloway,Public affairs consultant,"Engineer, civil (consulting)",lcurtis@example.org,Jesusport,741.814.0118x00584,30392,j0LClxCY
David,Smith,"Designer, fashion/clothing","Therapist, music",zoneill@example.org,Darryltown,418-919-3665x52018,82818,RsYJzpT6
Alexandra,Mitchell,Microbiologist,Ambulance person,uwilson@example.org,Port Angelaside,217-663-6608x919,65566,nGHKbzEk
Cheryl,Gentry,Land/geomatics surveyor,"Engineer, electrical",copelandpaula@example.net,Murphyfurt,504.564.8967x755,25632,7hC0TAsI
Erin,Carson,Furniture designer,"Pharmacist, hospital",rmclean@example.org,Alvarezburgh,929.872.6549x8800,21839,kRwibP1N
David,Ortiz,Soil scientist,Insurance risk surveyor,qchristensen@example.org,South Angiestad,361.418.7372x957,17449,phjGABfu
Renee,Montgomery,Rural practice surveyor,Hotel manager,lauralarson@example.com,North Marcusberg,001-585-347-0543x63084,79870,cNmp47ze
Jerry,Brown,Arts development officer,"Engineer, chemical",ele@example.org,Penaland,361.517.0279,38263,ZJSA2LJN
Sarah,Brown,Lexicographer,"Therapist, music",natalie04@example.com,Hinesborough,+1-352-451-9614x4133,50607,q03MyNHT
David,Douglas,"Designer, textile","Presenter, broadcasting",owenscody@example.com,Kathleenmouth,001-800-694-4741x2611,53110,odDI4Z0b
Manuel,Powell,Building services engineer,Multimedia programmer,lopezaustin@example.com,Port Ethanborough,667-785-6800x390,69459,z3YVeGWN
Selena,Perez,Purchasing manager,Writer,wlittle@example.org,Garrettfurt,(777)527-3025x303,88255,gmmKNHHR
Robert,White,Investment analyst,Science writer,jessica36@example.com,North Alvin,+1-527-259-5565,63019,f8RZG1WE
William,Kane,"Designer, furniture",Technical brewer,katherinewilliams@example.net,Port Maria,001-368-307-5322x051,18732,yqlU7QtH
Kelsey,Clarke,"Administrator, Civil Service",Office manager,danieljennifer@example.net,Suttonland,+1-402-929-2409,99015,Q2B8bCsq
Krystal,Espinoza,Archaeologist,Government social research officer,imorales@example.net,Mckenziebury,547.891.1685,3913,5hSKsMru
Michelle,Smith,"Teacher, primary school","Producer, television/film/video",yodernancy@example.net,East Michaelfurt,+1-574-315-1629x30374,86828,iHKXjhgA
Robin,Cox,Dramatherapist,"Designer, jewellery",lharris@example.com,North Gabrielleview,001-794-953-4303x71762,47951,IMyO1Uhr
Megan,King,Physiotherapist,Marketing executive,allisonmaddox@example.net,South Paigemouth,603.441.3446,5265,t6bhx1va
Judith,Alexander,"Research officer, trade union",Futures trader,aguilarjames@example.org,East Sandra,(850)389-9459x672,52965,hHb0NjPP
Tina,Ruiz,"Doctor, general practice",Tax adviser,egomez@example.net,Port Donald,001-266-778-9924x518,89000,H3NifraN
Patrick,Brown,Podiatrist,IT consultant,emills@example.com,Micheleville,(851)961-6623,32905,QKJXPbL1
Karen,Gomez,"Surveyor, mining",Press photographer,sethreeves@example.org,Lake Richard,3299523091,343,1EEFfWCu
Lauren,Carlson,"Designer, television/film set",Air broker,kgordon@example.org,Brownmouth,868-702-9759,25393,cNDkAnRN
Nicholas,Norris,"Accountant, chartered management",Sports coach,davisjames@example.net,Jenniferstad,565-990-5366,13903,mJcNGQHR
Barbara,Young,General practice doctor,Sports administrator,pwright@example.net,Melissaport,8196072177,39418,9Jrtq3ej
William,Gibson,Civil Service administrator,Health physicist,flynn@example.com,North Kellystad,(554)481-8327,28589,85sTsGnF
Jessica,Burnett,"Administrator, arts",Corporate treasurer,woodwardmatthew@example.com,North Anita,972.358.1580,94281,LNOdQftw
John,Friedman,Biomedical engineer,Airline pilot,warrenjeffrey@example.org,East Juliebury,001-728-506-2341x60526,42755,wCxecVdt
Larry,Hernandez,"Scientist, forensic","Journalist, broadcasting",penajoseph@example.net,Davidview,+1-814-329-1625x8214,81518,E5rS1rHY
Leslie,Phillips,Charity officer,Insurance underwriter,katherine94@example.com,East Susan,771.420.7724x104,92939,7kFMmRlH
Melissa,Collier,"Scientist, clinical (histocompatibility and immunogenetics)",Copy,cweeks@example.com,New Teresachester,464.850.9514x9296,39444,ILZCAL5p
James,Morris,Heritage manager,"Scientist, research (maths)",rgamble@example.com,Johnsonhaven,284-347-4820,37542,N7PoGESX
Claire,Peterson,"Scientist, audiological",Ergonomist,crawfordmia@example.net,New Danielleshire,(730)548-4505x69141,13545,gfvMxJpa
Sylvia,Parker,Higher education careers adviser,Barrister's clerk,zhamilton@example.com,East Robert,849-924-3747,58520,esBXIGah
Robert,Miller,Communications engineer,"Scientist, research (life sciences)",esanchez@example.net,South Amanda,423-667-4831x252,1487,NEOtmp7x
Amanda,Mills,Analytical chemist,Clinical psychologist,mkelly@example.com,Nelsonland,(789)750-4732x3870,37989,xabUmkjd
Barbara,Kirby,Printmaker,Microbiologist,wheelerjoseph@example.net,West Jennifer,300.206.1496x259,82462,xnppeBK6
Veronica,Berg,"Administrator, sports",Tourism officer,ellen01@example.net,Darrylstad,268-694-1163x8817,59109,UTbDSmqk
Maria,Jones,Information officer,Press sub,markleach@example.net,Tammystad,2865139069,11096,xEWp1oti
Courtney,Campbell,Press sub,"Biochemist, clinical",khughes@example.net,West Katieland,+1-688-831-0938x15764,25163,s5dhhYa1
Matthew,Cabrera,Music therapist,"Surveyor, rural practice",gailramirez@example.net,Russellbury,673.675.2460,47386,heLFHurh
Amanda,Horne,Agricultural engineer,Sport and exercise psychologist,mackenzie59@example.org,Masonside,+1-601-570-9894x720,49457,iVtn44em
Michael,Wilson,Biomedical engineer,Estate manager/land agent,gmann@example.org,Lake Darrell,615-323-0725,3599,MLwvmfEl
Elizabeth,Alvarez,"Psychologist, educational",Chartered accountant,ffleming@example.org,Jamesbury,001-290-967-5145,64363,1Cx3gB8O
Katrina,Moody,"Radiographer, therapeutic",Counsellor,elizabeth86@example.net,Port Elizabethton,(447)816-7504x96494,46954,gRRYhv5Y
Courtney,Lynch,"Presenter, broadcasting",Seismic interpreter,xnelson@example.org,West Miranda,+1-220-450-5315x210,85563,1DJYdZN1
Madison,Randolph,Licensed conveyancer,"Accountant, chartered",heidiclay@example.org,Washingtontown,2004992945,89696,8ISH1ytP
Eric,Lyons,"Pilot, airline",General practice doctor,hutchinsonpaul@example.net,New Linda,345-271-8678,85600,iFKazezn
Tonya,Pearson,"Scientist, physiological","Investment banker, operational",steven75@example.net,Paulchester,421-837-9934x7647,19804,gUxFy5Vs
Robert,Byrd,"Research officer, government",Paediatric nurse,codybrooks@example.org,East Richard,+1-745-329-8339x1151,81214,3GEmDC5m
David,Howard,Logistics and distribution manager,"Designer, industrial/product",amanda70@example.org,Pruittbury,4543073354,31770,erPMY265
Erik,Holloway,Environmental health practitioner,Meteorologist,smedina@example.com,New Antoniohaven,(659)684-0677x5609,5721,fEtyPtTS
Marcus,James,Science writer,Television camera operator,rogersjennifer@example.net,Wardchester,3179733704,14194,WrAQCm4B
Jennifer,Rodriguez,Professor Emeritus,IT trainer,hernandezchristy@example.net,Leeborough,(801)330-6661,77009,M4lumad0
Kathy,Williams,TEFL teacher,Ecologist,daniel54@example.com,Port Nicholasstad,+1-818-349-2065,79198,Iu1AHAZ1
Kylie,Barrera,Brewing technologist,Social worker,jacobperry@example.org,East Matthew,548-413-7649,2320,Fl0wMDtL
Elizabeth,Stein,"Journalist, newspaper",Fine artist,abell@example.com,Lake Kelsey,001-606-675-5150x26125,77372,msClndYx
Sharon,Sanchez,Cytogeneticist,Academic librarian,brianhooper@example.com,Lake Kimberlyville,334-328-3096x7176,44823,flHvvCTB
Roger,Larson,Museum/gallery conservator,Horticultural consultant,douglas90@example.com,West Lindsey,(616)368-8275x49062,97226,FSh71FfD
Alex,Cox,Patent attorney,International aid/development worker,stonemelinda@example.org,Port Zacharyshire,001-673-656-9043x68034,36594,77S7okZo
Heather,Miller,Consulting civil engineer,Insurance account manager,scott71@example.org,Pottershire,001-564-465-3819,75795,eFUQxjgG
Eric,Taylor,Barrister's clerk,Computer games developer,michael21@example.com,Jacobborough,426-299-8314x53850,54728,ykbwkpVK
Jose,Roth,Pharmacologist,Software engineer,heathangela@example.com,Jorgebury,4706013241,45274,BA2PZsNo
Meredith,Brown,Building surveyor,Contracting civil engineer,qmoreno@example.net,Garciaside,389.642.9685,95709,mUJwvNv5
Jennifer,Stafford,"Embryologist, clinical","Therapist, speech and language",michael76@example.net,New Alexanderstad,810.827.7288,89326,STtDUoEh
Zachary,Smith,"Surveyor, building",Television production assistant,hcunningham@example.net,Port Elizabeth,2568589044,261,MmXUJBvr
Sabrina,Miller,Herpetologist,Environmental manager,wendy81@example.net,Marieport,641.919.9874,33228,RdCBeB4k
Sean,Curtis,Herpetologist,"Designer, furniture",hubbardjesse@example.org,Lake Cherylmouth,762-384-4145,41985,Ik0mbCgf
Ann,Yoder,Public relations account executive,Training and development officer,robertgarcia@example.org,Marshton,908.645.9506x99180,70861,er13BkXU
Madison,Shah,Translator,Fish farm manager,lynn45@example.org,Lake Wendy,447-601-3129x211,45138,ZAbtDAUr
Natalie,Mendez,"Physicist, medical",Dancer,taylor20@example.com,New James,423.623.8913x43883,38968,Quvuvgwl
Courtney,Brown,Air traffic controller,"Journalist, broadcasting",lynchwilliam@example.net,Camposberg,(534)762-2990x74302,52610,tVIzZvzJ
Miguel,Stevens,"Designer, textile",Planning and development surveyor,leblanctaylor@example.org,Davidfurt,(883)796-0815,17950,p3uA3z5Z
Donald,Wade,Claims inspector/assessor,Film/video editor,fmorgan@example.net,Derekmouth,(214)683-2051x665,55485,7NYHehTP
Randy,Schmidt,Clinical psychologist,Garment/textile technologist,rhondaramos@example.org,West Bobby,485.694.0804,80255,WGAT0tzR
Tyler,Herrera,Airline pilot,Lawyer,tgonzalez@example.net,West Rita,(327)662-2507,59694,PTkPGnAM
Diamond,Reeves,Web designer,"Engineer, civil (consulting)",david68@example.com,Powellberg,222.369.5662x7324,74243,BnzQAvfi
